hostname, ip
70.237.157.48, 70.237.157.48
156.67.142.38, 156.67.142.38
219.240.53.167, 219.240.53.167
196.224.153.222, 196.224.153.222
115.120.168.184, 115.120.168.184
41.89.131.76, 41.89.131.76
47.173.156.173, 47.173.156.173
142.139.35.219, 142.139.35.219
234.53.115.41, 234.53.115.41
221.32.88.169, 221.32.88.169
94.240.177.66, 94.240.177.66
50.50.214.188, 50.50.214.188
79.66.159.48, 79.66.159.48
75.218.132.80, 75.218.132.80
171.112.149.74, 171.112.149.74
109.227.233.161, 109.227.233.161
221.154.148.158, 221.154.148.158
139.31.53.168, 139.31.53.168
110.40.88.200, 110.40.88.200
15.41.90.127, 15.41.90.127
173.38.222.121, 173.38.222.121
125.198.242.65, 125.198.242.65
197.208.11.138, 197.208.11.138
244.248.63.151, 244.248.63.151
83.242.132.14, 83.242.132.14
56.163.240.2, 56.163.240.2
105.173.141.192, 105.173.141.192
245.211.163.206, 245.211.163.206
31.6.233.248, 31.6.233.248
90.186.58.244, 90.186.58.244
138.189.71.154, 138.189.71.154
218.201.230.208, 218.201.230.208
188.3.185.16, 188.3.185.16
132.201.95.25, 132.201.95.25
81.147.189.195, 81.147.189.195
236.218.220.80, 236.218.220.80
57.59.255.166, 57.59.255.166
238.33.128.68, 238.33.128.68
162.253.247.165, 162.253.247.165
195.67.127.199, 195.67.127.199
29.97.111.150, 29.97.111.150
14.139.183.215, 14.139.183.215
74.158.231.119, 74.158.231.119
53.70.98.145, 53.70.98.145
150.153.27.121, 150.153.27.121
92.231.20.219, 92.231.20.219
52.180.94.247, 52.180.94.247
226.244.10.115, 226.244.10.115
203.48.167.230, 203.48.167.230
46.1.25.146, 46.1.25.146
40.46.106.225, 40.46.106.225
4.128.238.165, 4.128.238.165
165.196.243.28, 165.196.243.28
111.228.247.205, 111.228.247.205
19.253.251.149, 19.253.251.149
254.73.244.2, 254.73.244.2
32.175.24.240, 32.175.24.240
34.220.28.163, 34.220.28.163
116.7.34.171, 116.7.34.171
15.65.157.85, 15.65.157.85
21.237.109.29, 21.237.109.29
167.164.195.249, 167.164.195.249
33.194.71.207, 33.194.71.207
189.65.132.49, 189.65.132.49
178.117.202.205, 178.117.202.205
118.121.117.13, 118.121.117.13
61.143.82.107, 61.143.82.107
1.197.117.17, 1.197.117.17
243.96.3.99, 243.96.3.99
98.228.74.107, 98.228.74.107
44.81.98.235, 44.81.98.235
55.190.241.7, 55.190.241.7
32.136.216.235, 32.136.216.235
206.7.145.125, 206.7.145.125
127.2.36.128, 127.2.36.128
34.238.59.225, 34.238.59.225
19.254.1.148, 19.254.1.148
166.5.177.112, 166.5.177.112
29.70.115.223, 29.70.115.223
1.76.155.99, 1.76.155.99
213.1.211.44, 213.1.211.44
210.18.51.50, 210.18.51.50
94.52.127.93, 94.52.127.93
199.59.6.121, 199.59.6.121
199.68.134.90, 199.68.134.90
215.176.46.222, 215.176.46.222
177.219.248.192, 177.219.248.192
116.215.160.166, 116.215.160.166
9.132.233.155, 9.132.233.155
168.92.33.210, 168.92.33.210
86.26.200.156, 86.26.200.156
145.84.191.211, 145.84.191.211
236.143.164.77, 236.143.164.77
199.188.153.123, 199.188.153.123
24.159.149.122, 24.159.149.122
43.200.55.226, 43.200.55.226
228.65.222.72, 228.65.222.72
136.106.83.146, 136.106.83.146
95.188.190.61, 95.188.190.61
39.31.124.147, 39.31.124.147
68.26.18.72, 68.26.18.72
55.160.123.110, 55.160.123.110
152.218.155.171, 152.218.155.171
139.22.39.254, 139.22.39.254
194.20.76.142, 194.20.76.142
178.183.4.70, 178.183.4.70
75.199.246.245, 75.199.246.245
64.28.48.65, 64.28.48.65
42.193.25.107, 42.193.25.107
169.45.237.89, 169.45.237.89
37.207.111.107, 37.207.111.107
14.79.0.181, 14.79.0.181
47.42.129.141, 47.42.129.141
88.113.255.69, 88.113.255.69
137.25.80.149, 137.25.80.149
108.68.27.197, 108.68.27.197
121.126.112.171, 121.126.112.171
255.75.81.37, 255.75.81.37
10.222.224.47, 10.222.224.47
200.95.88.189, 200.95.88.189
123.25.48.187, 123.25.48.187
127.126.28.250, 127.126.28.250
114.8.19.160, 114.8.19.160
242.58.81.84, 242.58.81.84
173.123.137.125, 173.123.137.125
243.126.233.152, 243.126.233.152
232.128.95.94, 232.128.95.94
88.214.136.159, 88.214.136.159
63.188.68.160, 63.188.68.160
255.250.179.225, 255.250.179.225
181.50.123.189, 181.50.123.189
170.61.93.69, 170.61.93.69
80.21.48.241, 80.21.48.241
231.85.19.80, 231.85.19.80
130.111.10.155, 130.111.10.155
28.30.174.202, 28.30.174.202
133.219.65.71, 133.219.65.71
231.3.97.140, 231.3.97.140
153.161.60.130, 153.161.60.130
58.141.115.134, 58.141.115.134
101.95.15.203, 101.95.15.203
121.110.207.247, 121.110.207.247
50.222.217.166, 50.222.217.166
98.62.26.107, 98.62.26.107
148.86.157.55, 148.86.157.55
77.118.60.155, 77.118.60.155
56.79.84.65, 56.79.84.65
114.94.1.23, 114.94.1.23
53.82.151.161, 53.82.151.161
91.149.204.95, 91.149.204.95
100.235.236.252, 100.235.236.252
214.205.48.232, 214.205.48.232
220.45.253.234, 220.45.253.234
192.142.218.178, 192.142.218.178
98.13.183.3, 98.13.183.3
15.123.249.52, 15.123.249.52
236.78.101.115, 236.78.101.115
171.205.78.24, 171.205.78.24
169.36.161.163, 169.36.161.163
233.5.6.18, 233.5.6.18
49.180.95.228, 49.180.95.228
246.87.70.234, 246.87.70.234
8.146.251.8, 8.146.251.8
14.44.198.25, 14.44.198.25
136.172.231.173, 136.172.231.173
13.139.150.167, 13.139.150.167
78.107.120.208, 78.107.120.208
28.7.37.116, 28.7.37.116
223.142.240.204, 223.142.240.204
37.221.6.98, 37.221.6.98
51.110.82.184, 51.110.82.184
184.16.194.54, 184.16.194.54
142.120.135.66, 142.120.135.66
178.92.37.213, 178.92.37.213
154.53.100.212, 154.53.100.212
159.248.192.160, 159.248.192.160
218.61.127.112, 218.61.127.112
170.171.121.100, 170.171.121.100
125.116.32.187, 125.116.32.187
142.153.115.124, 142.153.115.124
198.190.117.21, 198.190.117.21
253.2.55.50, 253.2.55.50
9.194.167.81, 9.194.167.81
98.8.196.35, 98.8.196.35
167.140.225.195, 167.140.225.195
6.3.161.11, 6.3.161.11
50.204.209.50, 50.204.209.50
253.165.20.204, 253.165.20.204
219.140.190.146, 219.140.190.146
50.248.122.67, 50.248.122.67
216.253.194.98, 216.253.194.98
213.22.109.150, 213.22.109.150
95.171.220.210, 95.171.220.210
99.254.78.150, 99.254.78.150
168.28.236.17, 168.28.236.17
199.79.46.19, 199.79.46.19
219.222.219.50, 219.222.219.50
125.248.198.137, 125.248.198.137
200.26.158.124, 200.26.158.124
153.228.227.11, 153.228.227.11
